"","usingObserved","treeType","scale","counted","mean","median","pi.lower","pi.upper"
"1",FALSE,"Dirichlet Tree","0",20,0.189900820617052,0.18068196920211,0.0744127967350778,0.337015710882977
"2",TRUE,"Dirichlet Tree","0",20,0.240034637271686,0.239560650637238,0.204180089808557,0.277506642220311
"3",FALSE,"Dirichlet Tree","1",20,0.259383203856537,0.250839090820992,0.113917362128411,0.434179179880181
"4",TRUE,"Dirichlet Tree","1",20,0.229974321903509,0.229972006245504,0.227495735586147,0.232460807146681
"5",FALSE,"Dirichlet Tree","10",20,0.239913430217241,0.236942413317522,0.154228421066218,0.335757057721401
"6",TRUE,"Dirichlet Tree","10",20,0.179028185312097,0.162689670691826,0.0435867465209771,0.370661812169889
"7",FALSE,"Dirichlet","0",20,0.200158349542432,0.200152471126819,0.196599467569784,0.203737283391114
"8",TRUE,"Dirichlet","0",20,0.269935698165893,0.267462233884468,0.182503804499359,0.36582356797521
"9",FALSE,"Dirichlet","1",20,0.0698753018640463,0.0698704122118731,0.0681520918831644,0.0716151909301013
"10",TRUE,"Dirichlet","1",20,0.0600079249281467,0.0600054443509976,0.05887613454104,0.0611481767946168
"11",FALSE,"Dirichlet","10",20,0.129985123171929,0.122811534865004,0.0507307840115669,0.233814114707364
"12",TRUE,"Dirichlet","10",20,0.139994549425697,0.13882568526057,0.102355134081565,0.181624168002204
"13",FALSE,"Dirichlet Tree","0",40,0.130038406147391,0.130034730384157,0.127908940524793,0.132180410148712
"14",TRUE,"Dirichlet Tree","0",40,0.169945015435229,0.162354581494943,0.0716478473502634,0.29425625575349
"15",FALSE,"Dirichlet Tree","1",40,0.149791182655538,0.139912474950134,0.0506879525244398,0.282783365296622
"16",TRUE,"Dirichlet Tree","1",40,0.229799389225096,0.22569271786783,0.134150623729895,0.339500248821172
"17",FALSE,"Dirichlet Tree","10",40,0.257951073363444,0.236454379626759,0.0555382752643365,0.53439712016602
"18",TRUE,"Dirichlet Tree","10",40,0.18989392965832,0.189892747261227,0.188353095950102,0.191438796629311
"19",FALSE,"Dirichlet","0",40,0.189766492110009,0.17369976930898,0.0485721658001688,0.386221916883656
"20",TRUE,"Dirichlet","0",40,0.220001381258061,0.217023680576446,0.14010256188693,0.310080364696328
"21",FALSE,"Dirichlet","1",40,0.0497891714937296,0.0223034110913292,0.000127319395817053,0.193033005924204
"22",TRUE,"Dirichlet","1",40,0.109976686281069,0.109969977952442,0.107374326734775,0.112601928621085
"23",FALSE,"Dirichlet","10",40,0.0704834025034307,0.0704833936117087,0.0704092272482555,0.0705576080890427
"24",TRUE,"Dirichlet","10",40,0.110098677159225,0.102707391124364,0.0387187150009016,0.206800627863458
"25",FALSE,"Dirichlet Tree","0",60,0.280009671312832,0.278936976679902,0.219006129566956,0.344676058917424
"26",TRUE,"Dirichlet Tree","0",60,0.240000020039231,0.239833919077872,0.218552895659092,0.262013809247627
"27",FALSE,"Dirichlet Tree","1",60,0.335544440356422,0.302358799796337,0.0370036054346261,0.746487340314447
"28",TRUE,"Dirichlet Tree","1",60,0.300000932679917,0.299301774731946,0.246809523165583,0.355579001876486
"29",FALSE,"Dirichlet Tree","10",60,0.300007964217443,0.300002236701269,0.295077474250656,0.304957991360577
"30",TRUE,"Dirichlet Tree","10",60,0.390680074473049,0.386098895140242,0.205226461170893,0.591869625950434
"31",FALSE,"Dirichlet","0",60,0.300009092614032,0.300005842725661,0.296293221032732,0.303736049885938
"32",TRUE,"Dirichlet","0",60,0.239997649104546,0.23977428444916,0.215185805020942,0.265571553977537
"33",FALSE,"Dirichlet","1",60,0.0700185290197934,0.0629289229777777,0.0186620288290572,0.145661704374539
"34",TRUE,"Dirichlet","1",60,0.12004190927773,0.112455417010434,0.043469798365084,0.22260776673545
"35",FALSE,"Dirichlet","10",60,0.139829204561796,0.139824417576846,0.1372903499814,0.142384388016786
"36",TRUE,"Dirichlet","10",60,0.100007504879825,0.100006455208103,0.0990302396839823,0.100988350599628
"37",FALSE,"Dirichlet Tree","0",80,0.3289050212708,0.313700567898629,0.0963476024624935,0.613839085131703
"38",TRUE,"Dirichlet Tree","0",80,0.32359938041437,0.303594720479816,0.0735989000423318,0.64245263825789
"39",FALSE,"Dirichlet Tree","1",80,0.406605194878922,0.396044626840492,0.125179165126818,0.724392549113462
"40",TRUE,"Dirichlet Tree","1",80,0.423397695508475,0.412730921237439,0.114793979110224,0.768647772180736
"41",FALSE,"Dirichlet Tree","10",80,0.249025320700209,0.240126870541316,0.106510807249372,0.422086875353492
"42",TRUE,"Dirichlet Tree","10",80,0.329901452994607,0.328408920552791,0.244506751498716,0.420396471308395
"43",FALSE,"Dirichlet","0",80,0.330802146079525,0.315195575061651,0.0944857368345989,0.620879667779571
"44",TRUE,"Dirichlet","0",80,0.265527494802446,0.23110454434556,0.0297354533088691,0.619180086645971
"45",FALSE,"Dirichlet","1",80,0.0700175281854812,0.0700091908018712,0.0677682381429726,0.0722952579327258
"46",TRUE,"Dirichlet","1",80,0.149791182655538,0.139912474950134,0.0506879525244398,0.282783365296622
"47",FALSE,"Dirichlet","10",80,0.0700185290197934,0.0629289229777777,0.0186620288290572,0.145661704374539
"48",TRUE,"Dirichlet","10",80,0.080003421866737,0.0791153748041542,0.0565052308948039,0.106532624739288
"49",FALSE,"Dirichlet Tree","0",100,0.36944904229102,0.361695886873218,0.158960761671171,0.606614986584593
"50",TRUE,"Dirichlet Tree","0",100,0.338759215019487,0.326996312098195,0.119147326112096,0.598879285774406
"51",FALSE,"Dirichlet Tree","1",100,0.384368207042078,0.364821864067297,0.0728099797685663,0.762742982670592
"52",TRUE,"Dirichlet Tree","1",100,0.5,0.5,0.197648230432293,0.802351769567707
"53",FALSE,"Dirichlet Tree","10",100,0.420181281757887,0.415648451654715,0.203320035409213,0.652635656011303
"54",TRUE,"Dirichlet Tree","10",100,0.477334743662582,0.475292633834221,0.202841253384665,0.758863699714621
"55",FALSE,"Dirichlet","0",100,0.27846101268378,0.260839996382902,0.074066708433545,0.543546267270619
"56",TRUE,"Dirichlet","0",100,0.326214403186484,0.313554811978063,0.110716498267459,0.585308275353482
"57",FALSE,"Dirichlet","1",100,0.110020257451084,0.10800894502357,0.068593515860096,0.158316677864199
"58",TRUE,"Dirichlet","1",100,0.130240138632366,0.109917521260656,0.0183518664271615,0.312017040165026
"59",FALSE,"Dirichlet","10",100,0.0999759109112579,0.0957402848828312,0.0462496468055374,0.168188548453243
"60",TRUE,"Dirichlet","10",100,0.200013631354616,0.19738931819125,0.129936418833244,0.279059668964913
"61",FALSE,"Dirichlet Tree","0",120,0.350499008569185,0.342723883210767,0.155491542031892,0.572243239869807
"62",TRUE,"Dirichlet Tree","0",120,0.342478658158512,0.329825361672333,0.113603940601359,0.614938271343276
"63",FALSE,"Dirichlet Tree","1",120,0.511217030789283,0.51413335143744,0.0981900305709286,0.914530423039208
"64",TRUE,"Dirichlet Tree","1",120,0.394741547510214,0.384184207410842,0.128999274343591,0.696851098079962
"65",FALSE,"Dirichlet Tree","10",120,0.492889026282762,0.490073378883065,0.0450587525245751,0.949456153708021
"66",TRUE,"Dirichlet Tree","10",120,0.441551344788667,0.433842643220929,0.132803081220946,0.776805943081234
"67",FALSE,"Dirichlet","0",120,0.38880385416013,0.376181974120506,0.112941611247328,0.708121676657782
"68",TRUE,"Dirichlet","0",120,0.385180785689113,0.359880114494369,0.0506533528206747,0.805043791948032
"69",FALSE,"Dirichlet","1",120,0.129983091336863,0.129978480680243,0.127599610463267,0.13238229960947
"70",TRUE,"Dirichlet","1",120,0.200051695264137,0.200048286316669,0.197340721178067,0.202774297596377
"71",FALSE,"Dirichlet","10",120,0.0500055497498837,0.0499917102247196,0.0475943927486169,0.0524639150720883
"72",TRUE,"Dirichlet","10",120,0.200027013844518,0.199516188233611,0.167714275816183,0.234082892572472
"73",FALSE,"Dirichlet Tree","0",140,0.314973013424734,0.281321126688933,0.035835967239762,0.708635565767168
"74",TRUE,"Dirichlet Tree","0",140,0.329306306300811,0.307623574557343,0.0677858933756114,0.665371398900097
"75",FALSE,"Dirichlet Tree","1",140,0.437512921009906,0.41127677401668,0.0235091704206546,0.93157556970191
"76",TRUE,"Dirichlet Tree","1",140,0.441171249323921,0.40853263461645,0.0113057772513175,0.961234561446991
"77",FALSE,"Dirichlet Tree","10",140,0.396954108973561,0.389653388154486,0.164125626953394,0.654921450999723
"78",TRUE,"Dirichlet Tree","10",140,0.394424545693882,0.367996181337268,0.0445207836788546,0.832546869146554
"79",FALSE,"Dirichlet","0",140,0.369287180479196,0.326809754726146,0.0200241766724831,0.855333628505307
"80",TRUE,"Dirichlet","0",140,0.337993018474209,0.27157075763479,0.00624737711912947,0.872338993533507
"81",FALSE,"Dirichlet","1",140,0.100133049498314,0.100126611098422,0.0977175951260915,0.102570465905978
"82",TRUE,"Dirichlet","1",140,0.30021543769858,0.295583364203458,0.170872775899689,0.445428455098481
"83",FALSE,"Dirichlet","10",140,0.0900115523566141,0.0899933777244649,0.0862041734582044,0.0938809272579506
"84",TRUE,"Dirichlet","10",140,0.189904624551517,0.189898331774824,0.186356004670214,0.193474709741042
"85",FALSE,"Dirichlet Tree","0",160,0.370011495935877,0.34412821679558,0.0520446901201622,0.775802994773133
"86",TRUE,"Dirichlet Tree","0",160,0.354936981976816,0.305062572274141,0.0143289663936224,0.854310634961759
"87",FALSE,"Dirichlet Tree","1",160,0.541255299458502,0.554779355488717,0.0870476600429759,0.951821160316803
"88",TRUE,"Dirichlet Tree","1",160,0.532854893096583,0.539735019043192,0.139821913139152,0.902577166909133
"89",FALSE,"Dirichlet Tree","10",160,0.599501676349381,0.609932949445437,0.291678210295449,0.871396430916752
"90",TRUE,"Dirichlet Tree","10",160,0.589253483551934,0.60463041019002,0.211352241082237,0.914609071226101
"91",FALSE,"Dirichlet","0",160,0.358606448754358,0.339366849685221,0.0779968299348032,0.705312704281213
"92",TRUE,"Dirichlet","0",160,0.42022744148907,0.395554513549474,0.038325314991241,0.882426419236384
"93",FALSE,"Dirichlet","1",160,0.120018841297213,0.120015020630244,0.117949414105057,0.122101301149566
"94",TRUE,"Dirichlet","1",160,0.238009715675871,0.21729018151833,0.0521534531737488,0.495218766017486
"95",FALSE,"Dirichlet","10",160,0.0696616392628228,0.0543906324237236,0.00641463813394435,0.185313541651223
"96",TRUE,"Dirichlet","10",160,0.249960940804945,0.243942461157963,0.128488739602317,0.392058375476463
"97",FALSE,"Dirichlet Tree","0",180,0.376126945644577,0.359087431842142,0.086968032636842,0.723822149432419
"98",TRUE,"Dirichlet Tree","0",180,0.379408874956573,0.341137445892813,0.0238770031446282,0.858754180476095
"99",FALSE,"Dirichlet Tree","1",180,0.510565853113542,0.513089417554455,0.108161134629317,0.904498821822558
"100",TRUE,"Dirichlet Tree","1",180,0.517895935476109,0.526844008648528,0.0344383754890182,0.975527107667021
"101",FALSE,"Dirichlet Tree","10",180,0.538930943746533,0.540343298553791,0.351610164529022,0.72140400897776
"102",TRUE,"Dirichlet Tree","10",180,0.531070686375401,0.535225791732839,0.198454889578231,0.849401050331492
"103",FALSE,"Dirichlet","0",180,0.403052862461631,0.373560841748225,0.033603380707051,0.868663351354177
"104",TRUE,"Dirichlet","0",180,0.390236732241111,0.33800190850517,0.00895047420162371,0.924356520807916
"105",FALSE,"Dirichlet","1",180,0.0599433678790236,0.0527645401393623,0.0137286134038775,0.130752680622748
"106",TRUE,"Dirichlet","1",180,0.229982833343796,0.227080423216729,0.148133453209156,0.321755060113083
"107",FALSE,"Dirichlet","10",180,0.0299937050157677,0.0299884093624639,0.0288493937943312,0.03115608026176
"108",TRUE,"Dirichlet","10",180,0.269890502803432,0.242115397997646,0.042471784069922,0.592786241538066
"109",FALSE,"Dirichlet Tree","0",200,0.475034114209475,0.464788192281188,0.0359134825384952,0.945648573589129
"110",TRUE,"Dirichlet Tree","0",200,0.451574347026876,0.445793809531163,0.151032965512698,0.772012931487544
"111",FALSE,"Dirichlet Tree","1",200,0.379335700791075,0.354909457510451,0.0548972699275327,0.786596281117466
"112",TRUE,"Dirichlet Tree","1",200,0.449747177004205,0.447235980033535,0.24024066263474,0.667886764671052
"113",FALSE,"Dirichlet Tree","10",200,0.501956862571427,0.502093340052941,0.252309649807799,0.751134172806078
"114",TRUE,"Dirichlet Tree","10",200,0.600920152572555,0.608679870230307,0.33308401142106,0.84203004402586
"115",FALSE,"Dirichlet","0",200,0.405255229371424,0.375494615409889,0.0321812348098179,0.87489323561087
"116",TRUE,"Dirichlet","0",200,0.417572355231655,0.399073247138594,0.0638302286200149,0.833671500673226
"117",FALSE,"Dirichlet","1",200,0.0698753018640463,0.0698704122118731,0.0681520918831644,0.0716151909301013
"118",TRUE,"Dirichlet","1",200,0.290222350636377,0.284228909520238,0.150476114588171,0.450521038958362
"119",FALSE,"Dirichlet","10",200,0.109976686281069,0.109969977952442,0.107374326734775,0.112601928621085
"120",TRUE,"Dirichlet","10",200,0.229965615755477,0.22469171393011,0.12314488932058,0.354846705627305
"121",FALSE,"Dirichlet Tree","0",220,0.419140771342561,0.399126070088267,0.0558275283161292,0.849378772364734
"122",TRUE,"Dirichlet Tree","0",220,0.476360552601019,0.468552447345047,0.0547520063727173,0.923139145639658
"123",FALSE,"Dirichlet Tree","1",220,0.440531527443821,0.438779812831952,0.27657430340902,0.610495602257934
"124",TRUE,"Dirichlet Tree","1",220,0.577596646106085,0.601204353739456,0.118502519694472,0.959662922858178
"125",FALSE,"Dirichlet Tree","10",220,0.559975969406078,0.559982050829416,0.549897021378785,0.570034172726972
"126",TRUE,"Dirichlet Tree","10",220,0.603031984911327,0.622755778263961,0.207081171283144,0.931886443848321
"127",FALSE,"Dirichlet","0",220,0.356955541891252,0.341990440756777,0.100101457110323,0.665349379005118
"128",TRUE,"Dirichlet","0",220,0.423898166650912,0.415077843815329,0.134522318219606,0.743639709610279
"129",FALSE,"Dirichlet","1",220,0.109798846677492,0.0976249028709042,0.0251069250810736,0.236280316823632
"130",TRUE,"Dirichlet","1",220,0.24018880787054,0.240188733535484,0.239728604014977,0.240649265289456
"131",FALSE,"Dirichlet","10",220,0.109942108243568,0.104983143701693,0.0489236628365397,0.187927770008178
"132",TRUE,"Dirichlet","10",220,0.319889341389579,0.317184170569491,0.211099508778046,0.437934304657142
"133",FALSE,"Dirichlet Tree","0",240,0.360913456540191,0.334257420901702,0.0509965526579327,0.761439235142718
"134",TRUE,"Dirichlet Tree","0",240,0.408307426353466,0.401681665388423,0.170991634961016,0.668439458606704
"135",FALSE,"Dirichlet Tree","1",240,0.446888986174247,0.436238791790418,0.0903889657105841,0.839555889449996
"136",TRUE,"Dirichlet Tree","1",240,0.527821578904852,0.541060428577202,0.0417267142824197,0.975024882735218
"137",FALSE,"Dirichlet Tree","10",240,0.632933903642984,0.649469986220683,0.299777665027269,0.909208618912511
"138",TRUE,"Dirichlet Tree","10",240,0.592131311275163,0.601500094135917,0.288793878804094,0.863196228239412
"139",FALSE,"Dirichlet","0",240,0.380894367652582,0.361524270331047,0.0744342017444559,0.753646894774679
"140",TRUE,"Dirichlet","0",240,0.413341009449661,0.399706318722304,0.0959255872620974,0.777477219687184
"141",FALSE,"Dirichlet","1",240,0.150215221977836,0.150211129459046,0.147760293930537,0.152684110001604
"142",TRUE,"Dirichlet","1",240,0.210013175477687,0.210012582798024,0.208841111034699,0.211187261603447
"143",FALSE,"Dirichlet","10",240,0.110098677159225,0.102707391124364,0.0387187150009016,0.206800627863458
"144",TRUE,"Dirichlet","10",240,0.371081788773707,0.354795940870034,0.0917859508015653,0.706389910256065
"145",FALSE,"Dirichlet Tree","0",260,0.340827237671339,0.289680549388416,0.0141444206681716,0.832198667046242
"146",TRUE,"Dirichlet Tree","0",260,0.467563221911686,0.459774548418577,0.0826411432855145,0.878617678630444
"147",FALSE,"Dirichlet Tree","1",260,0.474211568956604,0.470836215899315,0.157000647146805,0.803030392923966
"148",TRUE,"Dirichlet Tree","1",260,0.399350806223108,0.381113217895546,0.0743631754531086,0.786532735186861
"149",FALSE,"Dirichlet Tree","10",260,0.540676828990715,0.543322397480671,0.29508508922552,0.777162204438601
"150",TRUE,"Dirichlet Tree","10",260,0.605481109191829,0.623051102439137,0.230472833627832,0.920392522999739
"151",FALSE,"Dirichlet","0",260,0.386029941775136,0.358288027073276,0.0433251811717038,0.821557279406353
"152",TRUE,"Dirichlet","0",260,0.387178825289508,0.376393915715918,0.128424927417514,0.683086571968269
"153",FALSE,"Dirichlet","1",260,0.109959722624388,0.109954284936476,0.107615919575042,0.11232207416665
"154",TRUE,"Dirichlet","1",260,0.314004685729015,0.291739815363785,0.0642903788821545,0.640307227054781
"155",FALSE,"Dirichlet","10",260,0.0799662744256194,0.0799660299321623,0.0795498036376422,0.0803835792021653
"156",TRUE,"Dirichlet","10",260,0.250035807300389,0.250034182250828,0.247814319159225,0.252262838634785
"157",FALSE,"Dirichlet Tree","0",280,0.44248713505397,0.435653752252447,0.14498448492104,0.763511538422199
"158",TRUE,"Dirichlet Tree","0",280,0.476913602078399,0.469001747646138,0.0515982723812952,0.927563111779174
"159",FALSE,"Dirichlet Tree","1",280,0.551126644455325,0.561397636729802,0.15870778906502,0.908669158694739
"160",TRUE,"Dirichlet Tree","1",280,0.561165275772593,0.567974437660725,0.248367686102925,0.850514692153277
"161",FALSE,"Dirichlet Tree","10",280,0.533339788504374,0.537005590107749,0.22571362949801,0.828341213007611
"162",TRUE,"Dirichlet Tree","10",280,0.526413807225964,0.53318170621006,0.109161651439778,0.921092278091076
"163",FALSE,"Dirichlet","0",280,0.431544480727983,0.422034783607198,0.120381429668634,0.77538097245781
"164",TRUE,"Dirichlet","0",280,0.475904617643037,0.464031142857711,0.0238063616692387,0.962454803717244
"165",FALSE,"Dirichlet","1",280,0.0600079249281467,0.0600054443509976,0.05887613454104,0.0611481767946168
"166",TRUE,"Dirichlet","1",280,0.371899407853947,0.362347549427166,0.140718961535736,0.635975849636052
"167",FALSE,"Dirichlet","10",280,0.120064873855199,0.120059447237081,0.117599525183448,0.122548733259789
"168",TRUE,"Dirichlet","10",280,0.349263763843455,0.330994335999429,0.0826518500482515,0.678729911018413
"169",FALSE,"Dirichlet Tree","0",300,0.394155836647496,0.381875927960726,0.114310048825554,0.716274176122338
"170",TRUE,"Dirichlet Tree","0",300,0.478083517480716,0.470555859348061,0.0518767658505669,0.928384386525496
"171",FALSE,"Dirichlet Tree","1",300,0.485097164683844,0.48374765915264,0.20864854348692,0.766195109197015
"172",TRUE,"Dirichlet Tree","1",300,0.463885332854845,0.452789951080677,0.056104482932168,0.907850405249579
"173",FALSE,"Dirichlet Tree","10",300,0.57795461795952,0.584497421380996,0.300106212681404,0.833263730378651
"174",TRUE,"Dirichlet Tree","10",300,0.619930141350981,0.64153756350744,0.23118544100046,0.934992434058767
"175",FALSE,"Dirichlet","0",300,0.384577599266145,0.372291322002813,0.116346726957448,0.695122555636805
"176",TRUE,"Dirichlet","0",300,0.362468195175178,0.298514508810474,0.00613481726581837,0.906977611381839
"177",FALSE,"Dirichlet","1",300,0.119654858890454,0.107236240644132,0.0287895060467463,0.253156018730514
"178",TRUE,"Dirichlet","1",300,0.349433018153175,0.340715107201128,0.145957921186955,0.582902382585969
"179",FALSE,"Dirichlet","10",300,0.120064873855199,0.120059447237081,0.117599525183448,0.122548733259789
"180",TRUE,"Dirichlet","10",300,0.348931578725216,0.337897609659778,0.126125639877189,0.609735544959988
"181",FALSE,"Dirichlet Tree","0",320,0.461956604575558,0.451263596456848,0.063676164237229,0.895534194285204
"182",TRUE,"Dirichlet Tree","0",320,0.543192934173043,0.559076306463067,0.0743989497151285,0.961867730086227
"183",FALSE,"Dirichlet Tree","1",320,0.601056951373329,0.606081325917268,0.382589361547403,0.802251559186765
"184",TRUE,"Dirichlet Tree","1",320,0.571024537938719,0.58732680867271,0.154458663780726,0.932719962903484
"185",FALSE,"Dirichlet Tree","10",320,0.589979057956834,0.591862970499514,0.446213451744475,0.727293016610054
"186",TRUE,"Dirichlet Tree","10",320,0.621560918079911,0.648618562916204,0.198964163266954,0.952979261592332
"187",FALSE,"Dirichlet","0",320,0.430298726707023,0.415885745766577,0.0780777046464429,0.831372880582617
"188",TRUE,"Dirichlet","0",320,0.449359336960509,0.439146276176685,0.0911935075851403,0.842197698017266
"189",FALSE,"Dirichlet","1",320,0.0900115523566141,0.0899933777244649,0.0862041734582044,0.0938809272579506
"190",TRUE,"Dirichlet","1",320,0.329599641068825,0.329596551560429,0.325572777343926,0.333637043416311
"191",FALSE,"Dirichlet","10",320,0.0399752954914689,0.0330589376400489,0.00596776384350415,0.0976753885620434
"192",TRUE,"Dirichlet","10",320,0.41407367151051,0.406279889464882,0.152868003402939,0.702130017866997
"193",FALSE,"Dirichlet Tree","0",340,0.520716411621069,0.523156028125271,0.206384084571608,0.826650252023219
"194",TRUE,"Dirichlet Tree","0",340,0.538217022938168,0.544131638816789,0.184717588701954,0.871436343337048
"195",FALSE,"Dirichlet Tree","1",340,0.589691126865323,0.594006138226669,0.374579155473772,0.789971355782712
"196",TRUE,"Dirichlet Tree","1",340,0.556118961501855,0.565248696020734,0.192180562151708,0.888795807093936
"197",FALSE,"Dirichlet Tree","10",340,0.638743272449449,0.668957742016144,0.21726641434054,0.958297376338521
"198",TRUE,"Dirichlet Tree","10",340,0.697298171328117,0.723492400675001,0.355899402544035,0.948732238125148
"199",FALSE,"Dirichlet","0",340,0.449610213339728,0.436329667354303,0.0640723969395753,0.879303916578268
"200",TRUE,"Dirichlet","0",340,0.43113238923677,0.419660270563228,0.100744729480146,0.800771991850311
"201",FALSE,"Dirichlet","1",340,0.129985123171929,0.122811534865004,0.0507307840115669,0.233814114707364
"202",TRUE,"Dirichlet","1",340,0.349277918017494,0.349277576708843,0.347833258538196,0.350723741730828
"203",FALSE,"Dirichlet","10",340,0.0799662744256194,0.0799660299321623,0.0795498036376422,0.0803835792021653
"204",TRUE,"Dirichlet","10",340,0.337564801530783,0.31635143305138,0.0699711515491635,0.678067545805695
"205",FALSE,"Dirichlet Tree","0",360,0.499176525163459,0.499147823796511,0.317184596135667,0.681266948529028
"206",TRUE,"Dirichlet Tree","0",360,0.557750911500981,0.582214519512067,0.0652365126546423,0.975788079170276
"207",FALSE,"Dirichlet Tree","1",360,0.499481256364595,0.499453387770674,0.277406536644525,0.721651817358495
"208",TRUE,"Dirichlet Tree","1",360,0.642593451088942,0.682162033440745,0.179895089767767,0.97491902012543
"209",FALSE,"Dirichlet Tree","10",360,0.640016410264002,0.640694133482697,0.571905036630665,0.705813685907994
"210",TRUE,"Dirichlet Tree","10",360,0.753155881556523,0.787483178761805,0.415652161735055,0.972969431711669
"211",FALSE,"Dirichlet","0",360,0.499202941988796,0.499169564245283,0.301009048951364,0.69751147928011
"212",TRUE,"Dirichlet","0",360,0.595294125046566,0.608407537496264,0.249654645326521,0.895876943503666
"213",FALSE,"Dirichlet","1",360,0.129985123171929,0.122811534865004,0.0507307840115669,0.233814114707364
"214",TRUE,"Dirichlet","1",360,0.507258463754219,0.507893472015407,0.2312974367862,0.781031813056964
"215",FALSE,"Dirichlet","10",360,0.109942108243568,0.104983143701693,0.0489236628365397,0.187927770008178
"216",TRUE,"Dirichlet","10",360,0.528983512295055,0.534276421319038,0.15536942404168,0.884542829280173
"217",FALSE,"Dirichlet Tree","0",380,0.508245501127527,0.508837930778542,0.254593642613395,0.759857355096329
"218",TRUE,"Dirichlet Tree","0",380,0.459343767114992,0.456970835842776,0.233689413886412,0.69316204827192
"219",FALSE,"Dirichlet Tree","1",380,0.527697141814773,0.532413686932496,0.163743647273685,0.875521091238364
"220",TRUE,"Dirichlet Tree","1",380,0.662664779010111,0.681808207868671,0.337767530056624,0.921687632967401
"221",FALSE,"Dirichlet Tree","10",380,0.64012727718406,0.641872006363862,0.530563724953333,0.743724604374457
"222",TRUE,"Dirichlet Tree","10",380,0.734279817227629,0.764609624420653,0.401051513858358,0.963369765537712
"223",FALSE,"Dirichlet","0",380,0.499082772493455,0.499044715593338,0.301740387498303,0.696555867479639
"224",TRUE,"Dirichlet","0",380,0.535343373307158,0.542940153632397,0.138062871874628,0.90692668878694
"225",FALSE,"Dirichlet","1",380,0.0497891714937296,0.0223034110913292,0.000127319395817053,0.193033005924204
"226",TRUE,"Dirichlet","1",380,0.552046612068217,0.555258756772586,0.311533138683139,0.781506007880008
"227",FALSE,"Dirichlet","10",380,0.100133049498314,0.100126611098422,0.0977175951260915,0.102570465905978
"228",TRUE,"Dirichlet","10",380,0.410029314361299,0.406230570727567,0.220930825538778,0.612176450408756
"229",FALSE,"Dirichlet Tree","0",400,0.440003135181546,0.440000664088292,0.433589982254734,0.44642471729532
"230",TRUE,"Dirichlet Tree","0",400,0.504827238386633,0.505862190568543,0.117917196873041,0.888235452919141
"231",FALSE,"Dirichlet Tree","1",400,0.546547002159938,0.551772728654908,0.234408684339355,0.840690421587701
"232",TRUE,"Dirichlet Tree","1",400,0.590487801317064,0.607604467837797,0.198399706458713,0.924305211498413
"233",FALSE,"Dirichlet Tree","10",400,0.603233309768971,0.615570551387423,0.277102471101061,0.886903808902802
"234",TRUE,"Dirichlet Tree","10",400,0.748246891514758,0.771968301809267,0.46282240272208,0.951996311032009
"235",FALSE,"Dirichlet","0",400,0.390821530276969,0.386364572404765,0.20746135016191,0.589488963585366
"236",TRUE,"Dirichlet","0",400,0.500220915275464,0.500242631031861,0.211606305387083,0.788760712537264
"237",FALSE,"Dirichlet","1",400,0.0799244389559147,0.0686037085489082,0.0145257113036103,0.184165412710409
"238",TRUE,"Dirichlet","1",400,0.480117247917925,0.479590453719515,0.32119954826696,0.640840572551409
"239",FALSE,"Dirichlet","10",400,0.110018343266314,0.11001816466424,0.109592051887992,0.110445243871906
"240",TRUE,"Dirichlet","10",400,0.479471613021405,0.478354892030144,0.25821292322108,0.704570995057958
"241",FALSE,"Dirichlet Tree","0",420,0.439724246030312,0.437861036475957,0.272150762877572,0.613688262930427
"242",TRUE,"Dirichlet Tree","0",420,0.553510969095385,0.568276412511678,0.116512626149716,0.941671879004221
"243",FALSE,"Dirichlet Tree","1",420,0.388671223897346,0.383895808168667,0.201657149094427,0.592090358545158
"244",TRUE,"Dirichlet Tree","1",420,0.567693508825609,0.588848497324518,0.108550107526945,0.958073922733128
"245",FALSE,"Dirichlet Tree","10",420,0.659992144602785,0.659994257972996,0.656520217724025,0.663456862571732
"246",TRUE,"Dirichlet Tree","10",420,0.699355179543361,0.706548135203373,0.5179085588302,0.856110048126197
"247",FALSE,"Dirichlet","0",420,0.480882743583099,0.480111179180098,0.287455376747662,0.676959761097308
"248",TRUE,"Dirichlet","0",420,0.481219981229846,0.479759688326859,0.222481778987615,0.744987898352982
"249",FALSE,"Dirichlet","1",420,0.0900905331148421,0.090087312070296,0.0884792167889787,0.0917128367272454
"250",TRUE,"Dirichlet","1",420,0.488812796599522,0.487929647865366,0.22725159882243,0.753415962703849
"251",FALSE,"Dirichlet","10",420,0.129987634958674,0.129981954743646,0.127343021160341,0.132651624537854
"252",TRUE,"Dirichlet","10",420,0.5102204452004,0.510469165825315,0.356226184428904,0.663362485205318
"253",FALSE,"Dirichlet Tree","0",440,0.5,0.5,0.499842074609773,0.500157925390227
"254",TRUE,"Dirichlet Tree","0",440,0.610251865551204,0.624552549988138,0.271976463096511,0.899353422921035
"255",FALSE,"Dirichlet Tree","1",440,0.57000867694929,0.570010177593805,0.565388716485573,0.574623518561023
"256",TRUE,"Dirichlet Tree","1",440,0.596344950440271,0.607066383889358,0.280560983494848,0.875210524862197
"257",FALSE,"Dirichlet Tree","10",440,0.610006686278429,0.610408296786107,0.550160900341545,0.668481503637208
"258",TRUE,"Dirichlet Tree","10",440,0.760684141843449,0.79147593651208,0.446555317889552,0.96900507709269
"259",FALSE,"Dirichlet","0",440,0.517382400896242,0.518824313736399,0.24629500090801,0.783502639618907
"260",TRUE,"Dirichlet","0",440,0.564594523724805,0.580339173752267,0.141182669995028,0.935269499956913
"261",FALSE,"Dirichlet","1",440,0.119716557128138,0.102881901024375,0.0201458764604943,0.277148182948929
"262",TRUE,"Dirichlet","1",440,0.59126680384457,0.597203280302772,0.34345656761163,0.818642635685423
"263",FALSE,"Dirichlet","10",440,0.100133049498314,0.100126611098422,0.0977175951260915,0.102570465905978
"264",TRUE,"Dirichlet","10",440,0.529995511250256,0.530101480287714,0.470251435323961,0.589377853669366
"265",FALSE,"Dirichlet Tree","0",460,0.519276170256702,0.520501600582666,0.277890923915594,0.756443767224273
"266",TRUE,"Dirichlet Tree","0",460,0.571225844880627,0.579705793684842,0.248329259701387,0.864934091742801
"267",FALSE,"Dirichlet Tree","1",460,0.519924713787337,0.522625311856693,0.187728821239444,0.842837451105916
"268",TRUE,"Dirichlet Tree","1",460,0.658435456415628,0.68105032374354,0.304195667177438,0.93506518450548
"269",FALSE,"Dirichlet Tree","10",460,0.663424199063518,0.683019081349245,0.335791184924417,0.923641570833833
"270",TRUE,"Dirichlet Tree","10",460,0.768200420755894,0.849227004003344,0.277361452244063,0.998254609077383
"271",FALSE,"Dirichlet","0",460,0.48117176196042,0.480145128380987,0.259491557889543,0.706382864117494
"272",TRUE,"Dirichlet","0",460,0.590858462024703,0.596739557535285,0.343615730228294,0.817857840978812
"273",FALSE,"Dirichlet","1",460,0.0999759109112579,0.0957402848828312,0.0462496468055374,0.168188548453243
"274",TRUE,"Dirichlet","1",460,0.540656232885008,0.543029164157224,0.30683795172808,0.766310586113588
"275",FALSE,"Dirichlet","10",460,0.129511869784016,0.113022061618943,0.0242487390204725,0.291455130542946
"276",TRUE,"Dirichlet","10",460,0.520014123599704,0.520173577429033,0.43057630691705,0.608907154084078
"277",FALSE,"Dirichlet Tree","0",480,0.520000287025179,0.520038688790032,0.475912861114511,0.563956668796619
"278",TRUE,"Dirichlet Tree","0",480,0.616248381214599,0.627915546115336,0.313724404898438,0.878582794904254
"279",FALSE,"Dirichlet Tree","1",480,0.690328754805787,0.69479881783635,0.5433067202457,0.822034949860223
"280",TRUE,"Dirichlet Tree","1",480,0.746850386470597,0.778107962651134,0.419186785807444,0.967182525878076
"281",FALSE,"Dirichlet Tree","10",480,0.689973386952642,0.690133570966854,0.662668360691989,0.716731912763943
"282",TRUE,"Dirichlet Tree","10",480,0.886628617220338,0.955466416286512,0.540818423849776,0.99993096893701
"283",FALSE,"Dirichlet","0",480,0.528812717264738,0.531312087215177,0.251080238301388,0.79793466670611
"284",TRUE,"Dirichlet","0",480,0.661635013099056,0.68045917430129,0.338246832365854,0.920241054291757
"285",FALSE,"Dirichlet","1",480,0.100007504879825,0.100006455208103,0.0990302396839823,0.100988350599628
"286",TRUE,"Dirichlet","1",480,0.519816945915926,0.521804616684181,0.225660676316274,0.807125759560194
"287",FALSE,"Dirichlet","10",480,0.100133049498314,0.100126611098422,0.0977175951260915,0.102570465905978
"288",TRUE,"Dirichlet","10",480,0.570063561088171,0.572722026681632,0.378040668412595,0.752959559604513
"289",FALSE,"Dirichlet Tree","0",500,0.540116734065834,0.54214521812117,0.321241899012921,0.752017591171044
"290",TRUE,"Dirichlet Tree","0",500,0.667772982581381,0.680206272432282,0.40611354762606,0.886613624759977
"291",FALSE,"Dirichlet Tree","1",500,0.62521694219707,0.641758218097999,0.283466967884343,0.910107535231637
"292",TRUE,"Dirichlet Tree","1",500,0.655642052458673,0.685250664712391,0.255118734378289,0.955526163386442
"293",FALSE,"Dirichlet Tree","10",500,0.720113460005356,0.726744503324799,0.556663496948689,0.860818805492717
"294",TRUE,"Dirichlet Tree","10",500,0.78150857402246,0.824726294403699,0.429149745655686,0.98644933325103
"295",FALSE,"Dirichlet","0",500,0.570504289038271,0.573187543027882,0.378201017932317,0.753595427252727
"296",TRUE,"Dirichlet","0",500,0.573337244892224,0.6059524673577,0.066810566970116,0.982061325647522
"297",FALSE,"Dirichlet","1",500,0.180019423372579,0.172044892863401,0.075340471349835,0.312036578674706
"298",TRUE,"Dirichlet","1",500,0.60011609030611,0.600118688385358,0.595084520063337,0.60513879822614
"299",FALSE,"Dirichlet","10",500,0.160032135481792,0.159941866879082,0.148155271700689,0.172216932661774
"300",TRUE,"Dirichlet","10",500,0.569712840816336,0.574698702288997,0.311584294178909,0.810672949365223
"301",FALSE,"Dirichlet Tree","0",520,0.559961473370272,0.560637035663486,0.453786673732131,0.663826706455639
"302",TRUE,"Dirichlet Tree","0",520,0.599557693364465,0.601929206245781,0.446574545179881,0.744415501497969
"303",FALSE,"Dirichlet Tree","1",520,0.634016593714505,0.648723346577485,0.318880929637262,0.898512230334665
"304",TRUE,"Dirichlet Tree","1",520,0.738204742809151,0.752096582240496,0.513250653207629,0.915357451555849
"305",FALSE,"Dirichlet Tree","10",520,0.709938489866372,0.713043787946365,0.595153542645686,0.814099511985995
"306",TRUE,"Dirichlet Tree","10",520,0.850016110869201,0.850020430833337,0.847481790821393,0.852535695100229
"307",FALSE,"Dirichlet","0",520,0.429495710961729,0.426812456972118,0.246404572747273,0.621798982067683
"308",TRUE,"Dirichlet","0",520,0.670308909978097,0.675550964899702,0.500195287264167,0.822441847063912
"309",FALSE,"Dirichlet","1",520,0.180067104549089,0.18006572319226,0.178461037561455,0.181677883469635
"310",TRUE,"Dirichlet","1",520,0.63054821014443,0.636433537563708,0.422769937215322,0.818103128803516
"311",FALSE,"Dirichlet","10",520,0.109976686281069,0.109969977952442,0.107374326734775,0.112601928621085
"312",TRUE,"Dirichlet","10",520,0.589972162767666,0.589973557183181,0.586069189201693,0.593870379845559
"313",FALSE,"Dirichlet Tree","0",540,0.460597176981469,0.460597174998924,0.46037194425711,0.460822416468463
"314",TRUE,"Dirichlet Tree","0",540,0.699896940245758,0.704749702025721,0.551283214278554,0.83188123330073
"315",FALSE,"Dirichlet Tree","1",540,0.639999528276529,0.640005291202642,0.633785940919368,0.646193457619677
"316",TRUE,"Dirichlet Tree","1",540,0.751467457527372,0.778419484375424,0.450137237767106,0.960067046014602
"317",FALSE,"Dirichlet Tree","10",540,0.709995271996677,0.709998114228576,0.706627462510017,0.71335338635486
"318",TRUE,"Dirichlet Tree","10",540,0.794564249883753,0.857340768654419,0.383014646794227,0.996323799918314
"319",FALSE,"Dirichlet","0",540,0.631219787638039,0.636826370698652,0.428800062168835,0.81437916090349
"320",TRUE,"Dirichlet","0",540,0.644896651687982,0.657691302680043,0.359614344221238,0.886101991075621
"321",FALSE,"Dirichlet","1",540,0.129987634958674,0.129981954743646,0.127343021160341,0.132651624537854
"322",TRUE,"Dirichlet","1",540,0.649989481793951,0.649990992190697,0.646937765672038,0.653036045810233
"323",FALSE,"Dirichlet","10",540,0.0998253371834448,0.0998230708963839,0.0983921101201046,0.10126629476054
"324",TRUE,"Dirichlet","10",540,0.629981571466913,0.6299827224461,0.627085348257193,0.632873868579208
"325",FALSE,"Dirichlet Tree","0",560,0.520111616926485,0.520112083328308,0.515264207423047,0.524957435485017
"326",TRUE,"Dirichlet Tree","0",560,0.712024729485854,0.728966804484511,0.445053961932727,0.920641539552682
"327",FALSE,"Dirichlet Tree","1",560,0.60343321853792,0.615718685891523,0.278154531535697,0.886427605292773
"328",TRUE,"Dirichlet Tree","1",560,0.799331606974872,0.811297750522258,0.624999895071833,0.932555733630668
"329",FALSE,"Dirichlet Tree","10",560,0.749997164983274,0.749999705014479,0.747212337247158,0.752773328432782
"330",TRUE,"Dirichlet Tree","10",560,0.900523727556235,0.929196217769589,0.706939355841977,0.995793655463206
"331",FALSE,"Dirichlet","0",560,0.690001033259639,0.690004208674718,0.68618677793977,0.693804456923702
"332",TRUE,"Dirichlet","0",560,0.761990284324129,0.78270981848167,0.504781233982514,0.947846546826251
"333",FALSE,"Dirichlet","1",560,0.130006095860607,0.128445739308469,0.0889651509293901,0.176375003537129
"334",TRUE,"Dirichlet","1",560,0.610026099780065,0.610027363856851,0.606693524575159,0.613354363098706
"335",FALSE,"Dirichlet","10",560,0.0799244389559147,0.0686037085489082,0.0145257113036103,0.184165412710409
"336",TRUE,"Dirichlet","10",560,0.599954474223502,0.599954625884328,0.598738528765539,0.60116990235304
"337",FALSE,"Dirichlet Tree","0",580,0.599984474161573,0.599987258941747,0.59477139021973,0.605188058920272
"338",TRUE,"Dirichlet Tree","0",580,0.751037309848686,0.783272446333301,0.421915953964652,0.969510747898544
"339",FALSE,"Dirichlet Tree","1",580,0.66224498978882,0.674482416853103,0.398031691533243,0.884311963662766
"340",TRUE,"Dirichlet Tree","1",580,0.81052959686871,0.819339110038755,0.667063338589222,0.923779554087432
"341",FALSE,"Dirichlet Tree","10",580,0.639594132326888,0.6395957259557,0.636323458553568,0.642859370080622
"342",TRUE,"Dirichlet Tree","10",580,0.850417192783003,0.865561266314011,0.683645657251274,0.965138501541954
"343",FALSE,"Dirichlet","0",580,0.58026478999391,0.580266971206427,0.575078455464275,0.585443684175423
"344",TRUE,"Dirichlet","0",580,0.800025007273263,0.803136322009056,0.713692972197542,0.875720301004589
"345",FALSE,"Dirichlet","1",580,0.100010084392974,0.100004027766844,0.0976686596860744,0.102372168861036
"346",TRUE,"Dirichlet","1",580,0.669999922293391,0.670013613944521,0.66147624555866,0.678476894810563
"347",FALSE,"Dirichlet","10",580,0.0600079249281467,0.0600054443509976,0.05887613454104,0.0611481767946168
"348",TRUE,"Dirichlet","10",580,0.679801765716336,0.690451457894067,0.445814095431891,0.87714396512276
"349",FALSE,"Dirichlet Tree","0",600,0.489103237778632,0.486351610209079,0.0889334359775148,0.898464589163204
"350",TRUE,"Dirichlet Tree","0",600,0.758468707505934,0.777055670800214,0.512517421679804,0.940418357262973
"351",FALSE,"Dirichlet Tree","1",600,0.650036329921407,0.65195986647581,0.539322853573775,0.754171652033621
"352",TRUE,"Dirichlet Tree","1",600,0.736187962162534,0.805667975767228,0.251781185476423,0.995302696987294
"353",FALSE,"Dirichlet Tree","10",600,0.779998618741939,0.782976319423554,0.689919635303672,0.85989743811307
"354",TRUE,"Dirichlet Tree","10",600,0.900581934191657,0.918057830301361,0.753724256586617,0.987395245034345
"355",FALSE,"Dirichlet","0",600,0.61753515430158,0.634461518309836,0.263368212830804,0.91359974394086
"356",TRUE,"Dirichlet","0",600,0.759147337472946,0.788051830720627,0.453422464670213,0.965475871458097
"357",FALSE,"Dirichlet","1",600,0.0900905331148421,0.090087312070296,0.0884792167889787,0.0917128367272454
"358",TRUE,"Dirichlet","1",600,0.717858632104581,0.731879061118155,0.478476228815055,0.908978685957445
"359",FALSE,"Dirichlet","10",600,0.109976686281069,0.109969977952442,0.107374326734775,0.112601928621085
"360",TRUE,"Dirichlet","10",600,0.587140253478086,0.593838031037852,0.319705905558889,0.831505964152053
"361",FALSE,"Dirichlet Tree","0",620,0.610006686278429,0.610408296786107,0.550160900341545,0.668481503637208
"362",TRUE,"Dirichlet Tree","0",620,0.717318487824607,0.751520536555623,0.349974672229404,0.967733303257017
"363",FALSE,"Dirichlet Tree","1",620,0.608159720128115,0.614620587532002,0.369928627465823,0.824159511534148
"364",TRUE,"Dirichlet Tree","1",620,0.753271562847364,0.889072694631617,0.126895029115134,0.999948837595182
"365",FALSE,"Dirichlet Tree","10",620,0.759725818168504,0.759728627068847,0.756890547133524,0.762551507777325
"366",TRUE,"Dirichlet Tree","10",620,0.879168838959891,0.897174747989408,0.715136366722978,0.981303323485343
"367",FALSE,"Dirichlet","0",620,0.619316563132345,0.627987821937066,0.358273608108398,0.850498700051531
"368",TRUE,"Dirichlet","0",620,0.701469347029661,0.726640347892254,0.369872900259649,0.946540820827666
"369",FALSE,"Dirichlet","1",620,0.150215221977836,0.150211129459046,0.147760293930537,0.152684110001604
"370",TRUE,"Dirichlet","1",620,0.710378737310362,0.735631727503714,0.385810235694518,0.948107303039328
"371",FALSE,"Dirichlet","10",620,0.0799931022662666,0.0781778212720302,0.0475056752152565,0.118680068047854
"372",TRUE,"Dirichlet","10",620,0.780928412815951,0.802361166885714,0.532633855628409,0.955423258481506
"373",FALSE,"Dirichlet Tree","0",640,0.568586097564123,0.571011691310167,0.382930902538201,0.745916694245935
"374",TRUE,"Dirichlet Tree","0",640,0.815417109363762,0.896744872445822,0.365057287730999,0.999343203076983
"375",FALSE,"Dirichlet Tree","1",640,0.680061459826716,0.686371340263862,0.499412981531011,0.839053261298623
"376",TRUE,"Dirichlet Tree","1",640,0.774205846044158,0.810878073687607,0.443381771283756,0.979364806951735
"377",FALSE,"Dirichlet Tree","10",640,0.749649331195001,0.749649522807188,0.748884425452736,0.750413583331333
"378",TRUE,"Dirichlet Tree","10",640,0.881430074480068,0.931385266637795,0.594298858448298,0.998997978829392
"379",FALSE,"Dirichlet","0",640,0.599968928120438,0.601841798659891,0.46407805794918,0.729448318512623
"380",TRUE,"Dirichlet","0",640,0.782181954765036,0.881972179436224,0.252200696487873,0.999612224508418
"381",FALSE,"Dirichlet","1",640,0.119296822899222,0.119296653355409,0.118861349914792,0.119732874212398
"382",TRUE,"Dirichlet","1",640,0.71955098989204,0.730944115526146,0.504629165550267,0.895291345309194
"383",FALSE,"Dirichlet","10",640,0.100133049498314,0.100126611098422,0.0977175951260915,0.102570465905978
"384",TRUE,"Dirichlet","10",640,0.832818633509349,0.885965247471945,0.48901269379011,0.996531806202382
"385",FALSE,"Dirichlet Tree","0",660,0.599886245276705,0.602371674127368,0.443597856452386,0.74765755492966
"386",TRUE,"Dirichlet Tree","0",660,0.705804048964139,0.731175485844375,0.376674503947179,0.947709492584272
"387",FALSE,"Dirichlet Tree","1",660,0.530466662898296,0.535930611714262,0.158889292644545,0.883392713347654
"388",TRUE,"Dirichlet Tree","1",660,0.804751639441989,0.87482454310484,0.379075332691854,0.99808521451996
"389",FALSE,"Dirichlet Tree","10",660,0.740054790470733,0.740056563780326,0.73765028423776,0.742453247780761
"390",TRUE,"Dirichlet Tree","10",660,0.869184965156446,0.968801387848783,0.399684342451951,0.99999760892736
"391",FALSE,"Dirichlet","0",660,0.540137521453643,0.541902251874657,0.33503785374156,0.739174268106561
"392",TRUE,"Dirichlet","0",660,0.751030414791961,0.825072673925406,0.265684694435669,0.996775262436443
"393",FALSE,"Dirichlet","1",660,0.100133049498314,0.100126611098422,0.0977175951260915,0.102570465905978
"394",TRUE,"Dirichlet","1",660,0.764189107368374,0.824428695380112,0.333788918843967,0.993793481545637
"395",FALSE,"Dirichlet","10",660,0.0800070965432948,0.080004427412455,0.0786338456858606,0.0813894520544726
"396",TRUE,"Dirichlet","10",660,0.729333325182891,0.806888807438089,0.216130138907477,0.996852633070822
"397",FALSE,"Dirichlet Tree","0",680,0.577680307851503,0.596769132253814,0.149375084465762,0.942109710772677
"398",TRUE,"Dirichlet Tree","0",680,0.753527398879615,0.88026205253792,0.14435917799421,0.999897791019684
"399",FALSE,"Dirichlet Tree","1",680,0.558747326512533,0.562387748120451,0.317447895274159,0.787518580134267
"400",TRUE,"Dirichlet Tree","1",680,0.799843458590502,0.889086249194974,0.312793637411375,0.99945268646349
"401",FALSE,"Dirichlet Tree","10",680,0.640157645200484,0.644732603056435,0.463091680989547,0.801527480053219
"402",TRUE,"Dirichlet Tree","10",680,0.855083226945847,0.916061877074257,0.50582282488053,0.999001303742245
"403",FALSE,"Dirichlet","0",680,0.590187887263392,0.596545404055442,0.333033446400344,0.825451721475488
"404",TRUE,"Dirichlet","0",680,0.803733118350453,0.887106628482807,0.336933340297676,0.999233619249205
"405",FALSE,"Dirichlet","1",680,0.120007896301614,0.120002265165941,0.117497404315052,0.122537596653295
"406",TRUE,"Dirichlet","1",680,0.730350046671317,0.742558472540002,0.514704406297778,0.904005429808129
"407",FALSE,"Dirichlet","10",680,0.0799244389559147,0.0686037085489082,0.0145257113036103,0.184165412710409
"408",TRUE,"Dirichlet","10",680,0.728088456294445,0.785566803540128,0.27520995040073,0.990626672807483
"409",FALSE,"Dirichlet Tree","0",700,0.609806649842107,0.613662675472609,0.425124663135409,0.781254927558913
"410",TRUE,"Dirichlet Tree","0",700,0.752058658654812,0.812207319499932,0.311202853670553,0.99305143733409
"411",FALSE,"Dirichlet Tree","1",700,0.648164740599165,0.656529659225716,0.417388526614492,0.850164643026141
"412",TRUE,"Dirichlet Tree","1",700,0.788833878610449,0.855202244785496,0.360414703289468,0.996793991087635
"413",FALSE,"Dirichlet Tree","10",700,0.710666464831677,0.725177947063945,0.462180500475267,0.909187804664829
"414",TRUE,"Dirichlet Tree","10",700,0.850898582957303,0.931087380180851,0.435950653471227,0.999813323783759
"415",FALSE,"Dirichlet","0",700,0.670704242393284,0.7064499631398,0.253074287305309,0.967571733343582
"416",TRUE,"Dirichlet","0",700,0.759029313728826,0.81322427606111,0.345075379122055,0.990921354316561
"417",FALSE,"Dirichlet","1",700,0.0800070965432948,0.080004427412455,0.0786338456858606,0.0813894520544726
"418",TRUE,"Dirichlet","1",700,0.778497745468823,0.807458273069565,0.487577863057808,0.969802465716737
"419",FALSE,"Dirichlet","10",700,0.0899207940225096,0.0844231101985234,0.034356942445586,0.164301092546351
"420",TRUE,"Dirichlet","10",700,0.789978114792782,0.8251286450906,0.47891583527078,0.98042476345849
"421",FALSE,"Dirichlet Tree","0",720,0.660034449451672,0.674177769413778,0.375215873221435,0.89613090857418
"422",TRUE,"Dirichlet Tree","0",720,0.808069578492746,0.888951716686877,0.352459301140915,0.999173286101663
"423",FALSE,"Dirichlet Tree","1",720,0.620023978295343,0.621612930488277,0.506233684571001,0.72837999527017
"424",TRUE,"Dirichlet Tree","1",720,0.846523532876034,0.907456500370382,0.489276562295988,0.998664709416644
"425",FALSE,"Dirichlet Tree","10",720,0.849993807651063,0.850104982964948,0.836989476708035,0.862618881055072
"426",TRUE,"Dirichlet Tree","10",720,0.85047307174052,0.944753622283104,0.389976984928746,0.999962040045799
"427",FALSE,"Dirichlet","0",720,0.650011171009107,0.650912077727202,0.57445176724421,0.722493683459866
"428",TRUE,"Dirichlet","0",720,0.736212501364132,0.795760502084218,0.283424091363585,0.991970008525405
"429",FALSE,"Dirichlet","1",720,0.0900905331148421,0.090087312070296,0.0884792167889787,0.0917128367272454
"430",TRUE,"Dirichlet","1",720,0.799637615324809,0.880016826736232,0.338002744346114,0.998954780509412
"431",FALSE,"Dirichlet","10",720,0.080003421866737,0.0791153748041542,0.0565052308948039,0.106532624739288
"432",TRUE,"Dirichlet","10",720,0.729333325182891,0.806888807438089,0.216130138907477,0.996852633070822
"433",FALSE,"Dirichlet Tree","0",740,0.571680241157812,0.579711233435181,0.256939271890536,0.858766886503276
"434",TRUE,"Dirichlet Tree","0",740,0.830019157645356,0.830020959063157,0.828248210994025,0.831783959496158
"435",FALSE,"Dirichlet Tree","1",740,0.719992733375818,0.720002292599525,0.714014201668883,0.725938657431566
"436",TRUE,"Dirichlet Tree","1",740,0.841451374865358,0.899060457155085,0.490460455388582,0.997979843242184
"437",FALSE,"Dirichlet Tree","10",740,0.758212362796759,0.772035353242388,0.546224444667431,0.922652546114922
"438",TRUE,"Dirichlet Tree","10",740,0.890201153322508,0.902375097129096,0.763719683176368,0.974893074918926
"439",FALSE,"Dirichlet","0",740,0.549781434313025,0.550963091316969,0.396745437106566,0.698768940926197
"440",TRUE,"Dirichlet","0",740,0.76872917103754,0.801841830171783,0.449772085038307,0.974004961781975
"441",FALSE,"Dirichlet","1",740,0.149998872488785,0.146371721417514,0.0840559863735627,0.228343469658485
"442",TRUE,"Dirichlet","1",740,0.814899606025433,0.875830521239885,0.428086019386444,0.997084562261784
"443",FALSE,"Dirichlet","10",740,0.0600079249281467,0.0600054443509976,0.05887613454104,0.0611481767946168
"444",TRUE,"Dirichlet","10",740,0.803081792220331,0.830552920226901,0.538311053289859,0.973321998375689
"445",FALSE,"Dirichlet Tree","0",760,0.659926354447655,0.666563157081053,0.461901549156778,0.835154258947134
"446",TRUE,"Dirichlet Tree","0",760,0.787369111982605,0.827966010044897,0.450739936332114,0.985185038474718
"447",FALSE,"Dirichlet Tree","1",760,0.690000382083626,0.692348925292919,0.58370294885028,0.78826669876524
"448",TRUE,"Dirichlet Tree","1",760,0.805969201983295,0.903632193031448,0.300383613886281,0.999763412188542
"449",FALSE,"Dirichlet Tree","10",760,0.7399939911252,0.739995651148421,0.737667180519165,0.742315139239161
"450",TRUE,"Dirichlet Tree","10",760,0.896625315156992,0.994437152838985,0.404709003449561,0.99999999952045
"451",FALSE,"Dirichlet","0",760,0.689677015583011,0.694253138884079,0.540593879593485,0.823079300618306
"452",TRUE,"Dirichlet","0",760,0.824740351025274,0.940553856378483,0.280402395270376,0.999983835897076
"453",FALSE,"Dirichlet","1",760,0.100133049498314,0.100126611098422,0.0977175951260915,0.102570465905978
"454",TRUE,"Dirichlet","1",760,0.822775712323366,0.923493028062357,0.321654622827077,0.999907013173084
"455",FALSE,"Dirichlet","10",760,0.100007504879825,0.100006455208103,0.0990302396839823,0.100988350599628
"456",TRUE,"Dirichlet","10",760,0.812759743855819,0.939065874346243,0.232440854168958,0.999989747001247
"457",FALSE,"Dirichlet Tree","0",780,0.717736848106599,0.735568643415211,0.448313558074268,0.925740833773703
"458",TRUE,"Dirichlet Tree","0",780,0.774794676753171,0.879200142998998,0.227658346533935,0.999671563461868
"459",FALSE,"Dirichlet Tree","1",780,0.640256296976045,0.643929346571776,0.481453692756104,0.786469141928785
"460",TRUE,"Dirichlet Tree","1",780,0.839677566259437,0.917710775423756,0.421375083704758,0.999616818282058
"461",FALSE,"Dirichlet Tree","10",780,0.91028560735269,0.925157778376833,0.782297527978759,0.987201121503344
"462",TRUE,"Dirichlet Tree","10",780,0.891313692566061,0.918032051457378,0.697673148672867,0.993212542514503
"463",FALSE,"Dirichlet","0",780,0.630004027037095,0.630343848166411,0.579824333052948,0.679023926118225
"464",TRUE,"Dirichlet","0",780,0.823568504775137,0.930489855470862,0.30485432213411,0.999952543468463
"465",FALSE,"Dirichlet","1",780,0.0900313575227151,0.0899497366062311,0.082037928194426,0.0983032180694464
"466",TRUE,"Dirichlet","1",780,0.813544684195154,0.912817751719617,0.309445230586801,0.999842557469527
"467",FALSE,"Dirichlet","10",780,0.0704834025034307,0.0704833936117087,0.0704092272482555,0.0705576080890427
"468",TRUE,"Dirichlet","10",780,0.84275446122754,0.887951485737643,0.536321577987403,0.995034662404404
"469",FALSE,"Dirichlet Tree","0",800,0.648936513424257,0.656801724259056,0.425514741004266,0.845309722146497
"470",TRUE,"Dirichlet Tree","0",800,0.765056461771202,0.809986526154386,0.39156830453842,0.985744905351249
"471",FALSE,"Dirichlet Tree","1",800,0.65918472099805,0.671143209867322,0.395298845753291,0.881885382930341
"472",TRUE,"Dirichlet Tree","1",800,0.81344517457378,0.89542892680044,0.359362705936689,0.99934016658063
"473",FALSE,"Dirichlet Tree","10",800,0.820131693167571,0.826038177938994,0.70739364590016,0.912644218118812
"474",TRUE,"Dirichlet Tree","10",800,0.876175844853371,0.972652170660089,0.420758320926484,0.999998437379393
"475",FALSE,"Dirichlet","0",800,0.586752235888136,0.594739504680959,0.29673156294682,0.849255632929101
"476",TRUE,"Dirichlet","0",800,0.778497745468823,0.807458273069565,0.487577863057808,0.969802465716737
"477",FALSE,"Dirichlet","1",800,0.139829204561796,0.139824417576846,0.1372903499814,0.142384388016786
"478",TRUE,"Dirichlet","1",800,0.823568504775137,0.930489855470862,0.30485432213411,0.999952543468463
"479",FALSE,"Dirichlet","10",800,0.120007896301614,0.120002265165941,0.117497404315052,0.122537596653295
"480",TRUE,"Dirichlet","10",800,0.753205473431251,0.84410128208056,0.223680650532816,0.998841693749281
"481",FALSE,"Dirichlet Tree","0",820,0.628994490568925,0.634135731205949,0.43321416095319,0.807119206146582
"482",TRUE,"Dirichlet Tree","0",820,0.876768158242524,0.967082369902138,0.446382368846243,0.999994729133989
"483",FALSE,"Dirichlet Tree","1",820,0.730350046671317,0.742558472540002,0.514704406297778,0.904005429808129
"484",TRUE,"Dirichlet Tree","1",820,0.862749919240329,0.932288893742899,0.492864228323823,0.999687119961402
"485",FALSE,"Dirichlet Tree","10",820,0.780023820165897,0.78324728635989,0.686184037724297,0.862841292227338
"486",TRUE,"Dirichlet Tree","10",820,0.941253016400159,0.973616332850961,0.772442653307393,0.999857401746141
"487",FALSE,"Dirichlet","0",820,0.630287090373481,0.630287133745643,0.629725930827905,0.630848101972833
"488",TRUE,"Dirichlet","0",820,0.76006978277725,0.790775208267166,0.445881782248632,0.968744354423538
"489",FALSE,"Dirichlet","1",820,0.149983889130799,0.149979569166663,0.147464304899771,0.152518209178607
"490",TRUE,"Dirichlet","1",820,0.845699388093783,0.969399670135681,0.279817573103688,0.999999450602934
"491",FALSE,"Dirichlet","10",820,0.140008689622837,0.140006455264758,0.138270999542987,0.141754001303807
"492",TRUE,"Dirichlet","10",820,0.812053700131663,0.840929437524955,0.547277529985554,0.977500731465239
"493",FALSE,"Dirichlet Tree","0",840,0.649996428548825,0.649997196075074,0.647821574865461,0.652168664130592
"494",TRUE,"Dirichlet Tree","0",840,0.83382799392685,0.870748973527238,0.55138675628557,0.989674048388537
"495",FALSE,"Dirichlet Tree","1",840,0.639947039293117,0.639948913189539,0.636405391339563,0.643482295204901
"496",TRUE,"Dirichlet Tree","1",840,0.840232062718038,0.867562457187732,0.604059572948336,0.982396362143975
"497",FALSE,"Dirichlet Tree","10",840,0.72046351485541,0.726238207828807,0.568236705484395,0.852894913386713
"498",TRUE,"Dirichlet Tree","10",840,0.838640590218281,0.877541637311396,0.552400391946915,0.991648795249746
"499",FALSE,"Dirichlet","0",840,0.590133418184807,0.591533298585454,0.466080437191472,0.709396824812477
"500",TRUE,"Dirichlet","0",840,0.775999376244965,0.860483041868858,0.282054824929563,0.998753543462969
"501",FALSE,"Dirichlet","1",840,0.0800070965432948,0.080004427412455,0.0786338456858606,0.0813894520544726
"502",TRUE,"Dirichlet","1",840,0.775821054947261,0.857702483044715,0.289050470984482,0.998522727047111
"503",FALSE,"Dirichlet","10",840,0.150003794786857,0.149974776776147,0.143504178284337,0.156602396215571
"504",TRUE,"Dirichlet","10",840,0.784267599697338,0.830526898019509,0.422270585339476,0.988877160849437
"505",FALSE,"Dirichlet Tree","0",860,0.609931628066077,0.609933134753063,0.606291346732474,0.61356676994451
"506",TRUE,"Dirichlet Tree","0",860,0.860788646062305,0.894766455243953,0.612778248092326,0.992229790745363
"507",FALSE,"Dirichlet Tree","1",860,0.720724706427062,0.733652141688675,0.492636488913912,0.904330038274506
"508",TRUE,"Dirichlet Tree","1",860,0.861563213299705,0.898243923411912,0.603658835891797,0.993788410036749
"509",FALSE,"Dirichlet Tree","10",860,0.739971483112336,0.73997220329113,0.738439414891675,0.741501094738922
"510",TRUE,"Dirichlet Tree","10",860,0.862413077266898,0.934533211753785,0.483831733073436,0.99975875123199
"511",FALSE,"Dirichlet","0",860,0.569985642059657,0.569986257323796,0.567027472212521,0.572941713183456
"512",TRUE,"Dirichlet","0",860,0.784457880572548,0.862152414495388,0.317311628471606,0.998321948559647
"513",FALSE,"Dirichlet","1",860,0.130396189850597,0.130396153192252,0.130182611572652,0.130609893173348
"514",TRUE,"Dirichlet","1",860,0.816384355842131,0.903349301429504,0.350167339337123,0.999593051750475
"515",FALSE,"Dirichlet","10",860,0.0601175179004827,0.0601151465455059,0.0590097445550845,0.0612333801576126
"516",TRUE,"Dirichlet","10",860,0.833486745876304,0.87651999164592,0.526869187907886,0.993089573483824
"517",FALSE,"Dirichlet Tree","0",880,0.580058334801168,0.581392778921396,0.4514241235826,0.704125954490393
"518",TRUE,"Dirichlet Tree","0",880,0.824685728034535,0.904622427721748,0.386877858252232,0.999444978632079
"519",FALSE,"Dirichlet Tree","1",880,0.629487360429979,0.632864876792838,0.470496108906982,0.776902115999141
"520",TRUE,"Dirichlet Tree","1",880,0.854427935955687,0.924298087052518,0.475666003144887,0.999552441076512
"521",FALSE,"Dirichlet Tree","10",880,0.749826355360253,0.749828446029446,0.747298765608353,0.752346813644675
"522",TRUE,"Dirichlet Tree","10",880,0.876175844853371,0.972652170660089,0.420758320926484,0.999998437379393
"523",FALSE,"Dirichlet","0",880,0.64992628952413,0.649926629006337,0.648479760362583,0.651371660681803
"524",TRUE,"Dirichlet","0",880,0.872606467373882,0.923750262215053,0.572981871573388,0.998712095568855
"525",FALSE,"Dirichlet","1",880,0.0900905331148421,0.090087312070296,0.0884792167889787,0.0917128367272454
"526",TRUE,"Dirichlet","1",880,0.910002069126825,0.912784498586484,0.858400456877226,0.952095541845811
"527",FALSE,"Dirichlet","10",880,0.129749321475646,0.129749292487863,0.129559959071117,0.129938782760023
"528",TRUE,"Dirichlet","10",880,0.890055399760514,0.906370895988305,0.741626749912888,0.98242110646217
"529",FALSE,"Dirichlet Tree","0",900,0.619989430214337,0.620055840773939,0.596884178143438,0.642868123573912
"530",TRUE,"Dirichlet Tree","0",900,0.83526144638909,0.92153830685781,0.387567315466866,0.999786602239972
"531",FALSE,"Dirichlet Tree","1",900,0.660009203905854,0.660010400650636,0.657397367168728,0.662616958435997
"532",TRUE,"Dirichlet Tree","1",900,0.818764774788414,0.847933564247192,0.557750319197019,0.979454347748627
"533",FALSE,"Dirichlet Tree","10",900,0.860050162032051,0.86619406390577,0.760518754116291,0.938544965481505
"534",TRUE,"Dirichlet Tree","10",900,0.900796602414711,0.925588203254742,0.722652046302372,0.993826230343574
"535",FALSE,"Dirichlet","0",900,0.602366168308164,0.608030979854563,0.372535739288085,0.812711573763289
"536",TRUE,"Dirichlet","0",900,0.900796602414711,0.925588203254742,0.722652046302372,0.993826230343574
"537",FALSE,"Dirichlet","1",900,0.0900905331148421,0.090087312070296,0.0884792167889787,0.0917128367272454
"538",TRUE,"Dirichlet","1",900,0.840049530411401,0.846282796599675,0.731885275333383,0.926868075599112
"539",FALSE,"Dirichlet","10",900,0.0700175281854812,0.0700091908018712,0.0677682381429726,0.0722952579327258
"540",TRUE,"Dirichlet","10",900,0.918945481887139,0.967990769951756,0.670939767810233,0.999928544400107
"541",FALSE,"Dirichlet Tree","0",920,0.670074034118464,0.67254567475122,0.553313738721853,0.778378985160514
"542",TRUE,"Dirichlet Tree","0",920,0.893728508930545,0.967540882324587,0.535656213503938,0.999986363138665
"543",FALSE,"Dirichlet Tree","1",920,0.660757603418764,0.666025639240004,0.484568393599455,0.818872078955573
"544",TRUE,"Dirichlet Tree","1",920,0.911693431498688,0.961357317677162,0.654769537637553,0.999858493886574
"545",FALSE,"Dirichlet Tree","10",920,0.740004867259792,0.740008360470318,0.736627836228373,0.743369982608447
"546",TRUE,"Dirichlet Tree","10",920,0.93260477304974,0.979176211214882,0.705269403130001,0.99998529206162
"547",FALSE,"Dirichlet","0",920,0.580258778111878,0.58426554384569,0.361421308293782,0.785321539404093
"548",TRUE,"Dirichlet","0",920,0.924056760004785,0.98671622489866,0.624854604134003,0.999999503083616
"549",FALSE,"Dirichlet","1",920,0.109091309969584,0.0901038140770356,0.0136927490203722,0.269750332401031
"550",TRUE,"Dirichlet","1",920,0.900024089088742,0.904259715117169,0.831811451546757,0.953750353194463
"551",FALSE,"Dirichlet","10",920,0.0999417054958321,0.0999364961059979,0.0977703586812954,0.102130822053286
"552",TRUE,"Dirichlet","10",920,0.915317397813206,0.987877414821384,0.567603776854887,0.999999849608965
"553",FALSE,"Dirichlet Tree","0",940,0.580074159653231,0.580074668970745,0.577565759346009,0.582580822631816
"554",TRUE,"Dirichlet Tree","0",940,0.949994450250116,0.95000828977528,0.947536084927912,0.952405607251383
"555",FALSE,"Dirichlet Tree","1",940,0.710323813024405,0.716031661520515,0.554194504242892,0.846884295410654
"556",TRUE,"Dirichlet Tree","1",940,0.980051093618458,0.980057452835,0.979015131680692,0.981065363550062
"557",FALSE,"Dirichlet Tree","10",940,0.789873433948952,0.789878925745636,0.786291872333768,0.793436262488174
"558",TRUE,"Dirichlet Tree","10",940,0.989999244171816,0.990003222147685,0.98942138760548,0.9905635314104
"559",FALSE,"Dirichlet","0",940,0.65003943420979,0.650039531123566,0.649267047108798,0.650811490729424
"560",TRUE,"Dirichlet","0",940,0.959988656092661,0.960013439057304,0.957048981385517,0.962843792215261
"561",FALSE,"Dirichlet","1",940,0.129937586717629,0.12618950422634,0.0692518400626321,0.203438812300022
"562",TRUE,"Dirichlet","1",940,0.970006294984232,0.970011590637536,0.96884391973824,0.971150606205669
"563",FALSE,"Dirichlet","10",940,0.100007504879825,0.100006455208103,0.0990302396839823,0.100988350599628
"564",TRUE,"Dirichlet","10",940,0.980051093618458,0.980057452835,0.979015131680692,0.981065363550062
"565",FALSE,"Dirichlet Tree","0",960,0.560237785734408,0.562968540101457,0.351492109740407,0.759600152328242
"566",TRUE,"Dirichlet Tree","0",960,0.99999999761188,0.999999999985829,0.999999986138514,1
"567",FALSE,"Dirichlet Tree","1",960,0.679970020684582,0.679974359791873,0.675348355082195,0.684576885138243
"568",TRUE,"Dirichlet Tree","1",960,0.99999999761188,0.999999999985829,0.999999986138514,1
"569",FALSE,"Dirichlet Tree","10",960,0.729648495550818,0.729649718133742,0.727581985982114,0.731710834778062
"570",TRUE,"Dirichlet Tree","10",960,0.989999244171816,0.990003222147685,0.98942138760548,0.9905635314104
"571",FALSE,"Dirichlet","0",960,0.59998344306724,0.60059932749414,0.521930355147295,0.675933041597664
"572",TRUE,"Dirichlet","0",960,0.989999244171816,0.990003222147685,0.98942138760548,0.9905635314104
"573",FALSE,"Dirichlet","1",960,0.100133049498314,0.100126611098422,0.0977175951260915,0.102570465905978
"574",TRUE,"Dirichlet","1",960,0.99999999761188,0.999999999985829,0.999999986138514,1
"575",FALSE,"Dirichlet","10",960,0.109942108243568,0.104983143701693,0.0489236628365397,0.187927770008178
"576",TRUE,"Dirichlet","10",960,0.980051093618458,0.980057452835,0.979015131680692,0.981065363550062
"577",FALSE,"Dirichlet Tree","0",980,0.617440398119749,0.623436266087145,0.396436550126594,0.817828434402639
"578",TRUE,"Dirichlet Tree","0",980,0.99999999761188,0.999999999985829,0.999999986138514,1
"579",FALSE,"Dirichlet Tree","1",980,0.680521456605827,0.687705393755481,0.488134756679262,0.848236318090185
"580",TRUE,"Dirichlet Tree","1",980,0.989999244171816,0.990003222147685,0.98942138760548,0.9905635314104
"581",FALSE,"Dirichlet Tree","10",980,0.819932895450911,0.81993427680774,0.818322116530365,0.821538962438545
"582",TRUE,"Dirichlet Tree","10",980,0.99999999761188,0.999999999985829,0.999999986138514,1
"583",FALSE,"Dirichlet","0",980,0.6200299344803,0.620864601667951,0.537613592768573,0.699595098123081
"584",TRUE,"Dirichlet","0",980,0.99999999761188,0.999999999985829,0.999999986138514,1
"585",FALSE,"Dirichlet","1",980,0.119654858890454,0.107236240644132,0.0287895060467463,0.253156018730514
"586",TRUE,"Dirichlet","1",980,0.99999999761188,0.999999999985829,0.999999986138514,1
"587",FALSE,"Dirichlet","10",980,0.100133049498314,0.100126611098422,0.0977175951260915,0.102570465905978
"588",TRUE,"Dirichlet","10",980,0.99999999761188,0.999999999985829,0.999999986138514,1
"589",FALSE,"Dirichlet Tree","0",1000,0.700001689556318,0.70000420727496,0.6967220063363,0.703272784595876
"590",TRUE,"Dirichlet Tree","0",1000,0.99999999761188,0.999999999985829,0.999999986138514,1
"591",FALSE,"Dirichlet Tree","1",1000,0.547779589006586,0.552712600551113,0.246299464946094,0.832266998306757
"592",TRUE,"Dirichlet Tree","1",1000,0.99999999761188,0.999999999985829,0.999999986138514,1
"593",FALSE,"Dirichlet Tree","10",1000,0.830005132281237,0.830006313342074,0.82857157339886,0.831434662459076
"594",TRUE,"Dirichlet Tree","10",1000,0.99999999761188,0.999999999985829,0.999999986138514,1
"595",FALSE,"Dirichlet","0",1000,0.5,0.5,0.496428379593949,0.503571620406051
"596",TRUE,"Dirichlet","0",1000,0.99999999761188,0.999999999985829,0.999999986138514,1
"597",FALSE,"Dirichlet","1",1000,0.109976686281069,0.109969977952442,0.107374326734775,0.112601928621085
"598",TRUE,"Dirichlet","1",1000,0.99999999761188,0.999999999985829,0.999999986138514,1
"599",FALSE,"Dirichlet","10",1000,0.0500103479551026,0.0500074046060318,0.0488923862178835,0.0511383497343226
"600",TRUE,"Dirichlet","10",1000,0.99999999761188,0.999999999985829,0.999999986138514,1
